antecedents,consequents,antecedent support,consequent support,support,confidence,lift,leverage,conviction,zhangs_metric
legendary=Yes,tier=Uber,0.11305070656691604,0.10141313383208644,0.06234413965087282,0.5514705882352942,5.43786162005786,0.05087931321599023,2.0034067835874794,0.9201249609497032
tier=Uber,legendary=Yes,0.10141313383208644,0.11305070656691604,0.06234413965087282,0.6147540983606558,5.437861620057859,0.05087931321599023,2.302293910613537,0.9082084489670058
tier=Strong,"dual_type=Yes, gen=Recent(7-9)",0.24771404821280132,0.16375727348295926,0.0798004987531172,0.3221476510067114,1.9672265185841311,0.03923552161436254,1.2336650123865254,0.6535681399631675
"dual_type=Yes, gen=Recent(7-9)",tier=Strong,0.16375727348295926,0.24771404821280132,0.0798004987531172,0.4873096446700508,1.9672265185841311,0.03923552161436254,1.467330024773051,0.5879514579191518
"dual_type=Yes, gen=Recent(7-9), legendary=No",tier=Strong,0.13050706566916043,0.24771404821280132,0.059850374064837904,0.4585987261146497,1.8513230453554483,0.02752194050755627,1.3895164050657671,0.5288665816868494
"dual_type=Yes, gen=Recent(7-9)","legendary=No, tier=Strong",0.16375727348295926,0.20199501246882792,0.059850374064837904,0.36548223350253806,1.8093626621545402,0.026772221565786285,1.2576558603491272,0.5349155069582505
"dual_type=Yes, tier=Strong",gen=Recent(7-9),0.16874480465502908,0.2776392352452203,0.0798004987531172,0.47290640394088673,1.7033125866493615,0.032950320237090845,1.3704601424786944,0.4967291666666667
"dual_type=Yes, legendary=No, tier=Strong",gen=Recent(7-9),0.13881961762261014,0.2776392352452203,0.059850374064837904,0.4311377245508982,1.5528703072896124,0.021308601591062522,1.2698341864636655,0.41342235092235097
"dual_type=Yes, tier=Strong","gen=Recent(7-9), legendary=No",0.16874480465502908,0.2310889443059019,0.059850374064837904,0.35467980295566504,1.5348194350923203,0.020855315300001592,1.1915186588236788,0.4191944444444445
tier=VeryWeak,"dual_type=No, legendary=No",0.12718204488778054,0.40980881130507063,0.07813798836242726,0.6143790849673203,1.4991846637235018,0.02601766572761778,1.5304957944122746,0.38148936170212766
type1=Bug,"dual_type=Yes, legendary=No",0.0739817123857024,0.4771404821280133,0.05236907730673317,0.7078651685393259,1.483557138942176,0.017069407390363105,1.7897883496387241,0.35198483941751446
"gen=Recent(7-9), legendary=No, tier=Strong",dual_type=Yes,0.07315045719035744,0.5527847049044057,0.059850374064837904,0.8181818181818181,1.4801093643198904,0.019413920173243802,2.459684123025768,0.349975087194818
"gen=Recent(7-9), tier=Strong",dual_type=Yes,0.09891936824605153,0.5527847049044057,0.0798004987531172,0.8067226890756303,1.4593795412902002,0.02511938496789337,2.3138530485380753,0.349333102706027
gen=Recent(7-9),tier=Strong,0.2776392352452203,0.24771404821280132,0.09891936824605153,0.3562874251497006,1.4383012498492946,0.030144229340751755,1.168667478590346,0.42186034367717173
tier=Strong,gen=Recent(7-9),0.24771404821280132,0.2776392352452203,0.09891936824605153,0.39932885906040266,1.4383012498492946,0.030144229340751755,1.2025894295917563,0.40507915873531736
type1=Normal,"dual_type=No, legendary=No",0.10723192019950124,0.40980881130507063,0.06317539484621779,0.5891472868217055,1.4376149818387662,0.01923080909529999,1.436503081917847,0.34096589238459285
tier=VeryWeak,dual_type=No,0.12718204488778054,0.4472152950955943,0.07896924355777224,0.6209150326797387,1.3884029448210515,0.022091487822422345,1.4582079284547258,0.3205112781954889
tier=Weak,"gen=Mid(4-6), legendary=No",0.2119700748129676,0.2826267664172901,0.0831255195344971,0.39215686274509803,1.3875432525951557,0.02321710271287699,1.180194674603813,0.35443037974683544
type1=Normal,dual_type=No,0.10723192019950124,0.4472152950955943,0.06650041562759768,0.62015503875969,1.3867035532117233,0.018544660791910507,1.4552903455646602,0.31236033519553086
"legendary=No, tier=VeryWeak",dual_type=No,0.12635078969243557,0.4472152950955943,0.07813798836242726,0.618421052631579,1.3828262570925456,0.021631982664563308,1.4486771576805115,0.3168815919995142
"legendary=No, type1=Normal",dual_type=No,0.10224438902743142,0.4472152950955943,0.06317539484621779,0.6178861788617885,1.381630247529241,0.017450140235446297,1.4466493341115294,0.30767543859649127
tier=Uber,dual_type=Yes,0.10141313383208644,0.5527847049044057,0.07647547797173733,0.7540983606557378,1.3641809441636878,0.020415848712936426,1.8186755333887508,0.29708804247275084
type1=Water,"gen=Early(1-3), legendary=No",0.12219451371571072,0.37323358270989193,0.06151288445552785,0.5034013605442177,1.3487568746875143,0.01590578831392011,1.2621186759129575,0.29457156019656033
"legendary=No, type1=Water",gen=Early(1-3),0.11388196176226101,0.4014962593516209,0.06151288445552785,0.5401459854014599,1.3453325474905926,0.01578970280035573,1.3015081344258403,0.2896785152882716
type1=Bug,dual_type=Yes,0.0739817123857024,0.5527847049044057,0.05486284289276808,0.7415730337078652,1.3415223451888147,0.013966883843314959,1.7305287505873,0.27491703389369454
"legendary=No, type1=Bug",dual_type=Yes,0.0714879467996675,0.5527847049044057,0.05236907730673317,0.7325581395348837,1.3252141982864136,0.012851633730857119,1.6721963207922221,0.2642992141649259
type1=Water,gen=Early(1-3),0.12219451371571072,0.4014962593516209,0.06400665004156277,0.5238095238095238,1.3046435965690626,0.014946009871414576,1.256857855361596,0.26601239669421506
"legendary=No, tier=Strong",gen=Recent(7-9),0.20199501246882792,0.2776392352452203,0.07315045719035744,0.36213991769547327,1.304354254454055,0.017068716405163324,1.1324752634542676,0.29240056818181825
tier=Weak,"dual_type=No, legendary=No",0.2119700748129676,0.40980881130507063,0.11305070656691604,0.5333333333333333,1.3014198782961461,0.026183502175566906,1.2646954043462773,0.29390822784810133
tier=VeryWeak,"gen=Early(1-3), legendary=No",0.12718204488778054,0.37323358270989193,0.060681629260182876,0.477124183006536,1.2783527664963537,0.01321301899034625,1.198690773067332,0.2494716242661449
"gen=Recent(7-9), legendary=No",tier=Strong,0.2310889443059019,0.24771404821280132,0.07315045719035744,0.3165467625899281,1.2778716624016224,0.015906479299119897,1.1007131294570591,0.28280098280098287
"gen=Recent(7-9), tier=Strong","dual_type=Yes, legendary=No",0.09891936824605153,0.4771404821280133,0.059850374064837904,0.6050420168067226,1.2680584428893509,0.012651939008118389,1.3238358005694981,0.23459922099220998
"legendary=No, tier=Strong",dual_type=Yes,0.20199501246882792,0.5527847049044057,0.13881961762261014,0.6872427983539094,1.2432377239394783,0.027159864262867345,1.4299120619503871,0.2451721556886227
tier=Strong,dual_type=Yes,0.24771404821280132,0.5527847049044057,0.16874480465502908,0.6812080536912751,1.2323207347227128,0.031812267613039985,1.4028437677735484,0.2506001143074871
dual_type=Yes,tier=Strong,0.5527847049044057,0.24771404821280132,0.16874480465502908,0.3052631578947368,1.2323207347227128,0.031812267613039985,1.082835839693695,0.42154851942058696
"legendary=No, tier=Weak",gen=Mid(4-6),0.21030756442227763,0.32086450540315875,0.0831255195344971,0.3952569169960475,1.2318499252493398,0.015645286893600036,1.123014902830071,0.23833684210526326
type1=Water,"dual_type=No, legendary=No",0.12219451371571072,0.40980881130507063,0.06151288445552785,0.5034013605442177,1.228381007575444,0.011436496041691287,1.1884671881938988,0.21180128992629002
tier=Weak,gen=Mid(4-6),0.2119700748129676,0.32086450540315875,0.0831255195344971,0.39215686274509803,1.2221883572081682,0.015111846319363686,1.1172874265948034,0.2306962025316456
legendary=Yes,dual_type=Yes,0.11305070656691604,0.5527847049044057,0.07564422277639235,0.6691176470588235,1.2104489164086687,0.013151521307565112,1.3515840029555737,0.19602047437098982
tier=Weak,dual_type=No,0.2119700748129676,0.4472152950955943,0.11471321695760599,0.5411764705882353,1.2101027771703476,0.019916957398689483,1.204787177355756,0.22032654558796555
"dual_type=No, gen=Early(1-3), legendary=No",tier=Average,0.17871986699916875,0.3117206982543641,0.06733167082294264,0.3767441860465116,1.2085953488372092,0.011620989090034672,1.104328730412774,0.21015144699355212
"legendary=No, type1=Water",dual_type=No,0.11388196176226101,0.4472152950955943,0.06151288445552785,0.5401459854014599,1.2077985509999187,0.010583129319953102,1.2020873741571996,0.1941585112316821
"dual_type=No, tier=Average","gen=Early(1-3), legendary=No",0.14962593516209477,0.37323358270989193,0.06733167082294264,0.44999999999999996,1.2056792873051223,0.011486246976076017,1.1395753041638328,0.20060823286629734
"legendary=No, tier=Weak",dual_type=No,0.21030756442227763,0.4472152950955943,0.11305070656691604,0.5375494071146245,1.2019924475072365,0.018997947082971436,1.195337866160809,0.21280185758513936
type1=Water,dual_type=No,0.12219451371571072,0.4472152950955943,0.0656691604322527,0.5374149659863945,1.201691829148016,0.011021904921818482,1.1949904650139356,0.1912039700805524
"legendary=No, tier=VeryWeak",gen=Early(1-3),0.12635078969243557,0.4014962593516209,0.060681629260182876,0.48026315789473684,1.1961833932657733,0.009952259832546655,1.1515515009943496,0.1877272786517734
"gen=Early(1-3), legendary=No",tier=Average,0.37323358270989193,0.3117206982543641,0.13881961762261014,0.37193763919821826,1.1931759465478842,0.02247498460830466,1.095877327956704,0.2583109642783397
tier=Average,"gen=Early(1-3), legendary=No",0.3117206982543641,0.37323358270989193,0.13881961762261014,0.4453333333333333,1.1931759465478842,0.02247498460830466,1.12998753117207,0.23522520177037215
tier=VeryWeak,gen=Early(1-3),0.12718204488778054,0.4014962593516209,0.060681629260182876,0.477124183006536,1.188365201152925,0.00961851398104905,1.1446384039900253,0.18160469667319
"gen=Early(1-3), tier=Average","dual_type=No, legendary=No",0.13881961762261014,0.40980881130507063,0.06733167082294264,0.48502994011976047,1.1835517605762107,0.010442168339196346,1.146068936186665,0.18008484675151348
"dual_type=Yes, tier=Average","gen=Early(1-3), legendary=No",0.16209476309226933,0.37323358270989193,0.0714879467996675,0.441025641025641,1.1816344012335103,0.01098873763222865,1.121279370381386,0.18345099667774079
"dual_type=Yes, gen=Early(1-3), legendary=No",tier=Average,0.19451371571072318,0.3117206982543641,0.0714879467996675,0.36752136752136755,1.179008547008547,0.010853995518269995,1.0882253824897217,0.18849449204406366
tier=Strong,"dual_type=Yes, legendary=No",0.24771404821280132,0.4771404821280133,0.13881961762261014,0.5604026845637584,1.1745024904707342,0.020625217228472187,1.1894056208080308,0.19749892480232906
tier=Average,"dual_type=No, legendary=No",0.3117206982543641,0.40980881130507063,0.1479634247714048,0.4746666666666666,1.15826369168357,0.02021753596059725,1.1234603845715658,0.19852222765021973
"dual_type=No, legendary=No",tier=Average,0.40980881130507063,0.3117206982543641,0.1479634247714048,0.36105476673427994,1.15826369168357,0.02021753596059725,1.0772117325733286,0.23151606266814356
type1=Grass,"dual_type=Yes, legendary=No",0.09476309226932668,0.4771404821280133,0.051537822111388194,0.543859649122807,1.1398312855309005,0.006322514578060254,1.1462689430270478,0.13551941704434375
tier=Weak,"gen=Early(1-3), legendary=No",0.2119700748129676,0.37323358270989193,0.08977556109725686,0.4235294117647059,1.134756976287174,0.010661210647529146,1.0872478667277385,0.15069737458977972
"dual_type=No, gen=Early(1-3)","legendary=No, tier=Average",0.19201995012468828,0.3092269326683292,0.06733167082294264,0.35064935064935066,1.1339547549224969,0.007953930634759729,1.063790523690773,0.14620484682213067
"dual_type=No, legendary=No, tier=Average",gen=Early(1-3),0.1479634247714048,0.4014962593516209,0.06733167082294264,0.4550561797752809,1.1334007955893644,0.007924909256368642,1.0982852147980564,0.13813911472448065
"gen=Early(1-3), tier=VeryWeak",legendary=No,0.060681629260182876,0.8869492934330839,0.060681629260182876,1.0,1.127460168697282,0.0068601010634953205,inf,0.12035398230088494
"gen=Early(1-3), tier=Average",legendary=No,0.13881961762261014,0.8869492934330839,0.13881961762261014,1.0,1.127460168697282,0.015693655857585184,inf,0.1312741312741313
"dual_type=Yes, gen=Early(1-3), tier=Average",legendary=No,0.0714879467996675,0.8869492934330839,0.0714879467996675,1.0,1.127460168697282,0.008081762896720524,inf,0.12175470008952566
"dual_type=Yes, tier=Weak",legendary=No,0.09725685785536159,0.8869492934330839,0.09725685785536159,1.0,1.127460168697282,0.01099495649902675,inf,0.12523020257826892
"gen=Early(1-3), tier=Weak",legendary=No,0.08977556109725686,0.8869492934330839,0.08977556109725686,1.0,1.127460168697282,0.010149190614486228,inf,0.12420091324200913
"dual_type=No, gen=Early(1-3), tier=Average",legendary=No,0.06733167082294264,0.8869492934330839,0.06733167082294264,1.0,1.127460168697282,0.007611892960864675,inf,0.12121212121212127
"gen=Mid(4-6), tier=Weak",legendary=No,0.0831255195344971,0.8869492934330839,0.0831255195344971,1.0,1.127460168697282,0.009397398717116881,inf,0.12330009066183141
"dual_type=No, gen=Early(1-3)",tier=Average,0.19201995012468828,0.3117206982543641,0.06733167082294264,0.35064935064935066,1.1248831168831168,0.007475077891306643,1.0599501246882792,0.1374028349336991
"dual_type=Yes, tier=Average",legendary=No,0.16209476309226933,0.8869492934330839,0.16126350789692437,0.9948717948717949,1.1216783216783217,0.017493672303032948,22.044887780548713,0.12946428571428575
"dual_type=No, tier=Average",gen=Early(1-3),0.14962593516209477,0.4014962593516209,0.06733167082294264,0.44999999999999996,1.120807453416149,0.007257417553373426,1.0881886193606891,0.12675138481590098
tier=VeryWeak,legendary=No,0.12718204488778054,0.8869492934330839,0.12635078969243557,0.9934640522875817,1.1200911479868425,0.013546764841843861,17.29675810473822,0.12283834586466173
tier=Weak,legendary=No,0.2119700748129676,0.8869492934330839,0.21030756442227763,0.992156862745098,1.1186173438447544,0.022300856337958086,14.413965087281646,0.13456246560264165
tier=Average,legendary=No,0.3117206982543641,0.8869492934330839,0.3092269326683292,0.992,1.1184404873477038,0.032746479603153356,14.131338320864495,0.15385889044724937
legendary=No,tier=Average,0.8869492934330839,0.3117206982543641,0.3092269326683292,0.3486410496719775,1.1184404873477038,0.032746479603153356,1.0566820359174007,0.9367291271347239
gen=Early(1-3),"legendary=No, tier=Average",0.4014962593516209,0.3092269326683292,0.13881961762261014,0.34575569358178054,1.1181292994055967,0.014666160865500419,1.0558335174721423,0.1765219560878243
"legendary=No, tier=Average",gen=Early(1-3),0.3092269326683292,0.4014962593516209,0.13881961762261014,0.4489247311827957,1.1181292994055967,0.014666160865500419,1.086065324493644,0.15294321105082254
"dual_type=No, tier=VeryWeak",legendary=No,0.07896924355777224,0.8869492934330839,0.07813798836242726,0.9894736842105262,1.1155921669215212,0.008096273585916053,10.73981712385688,0.11249903986481283
"gen=Recent(7-9), tier=Average",legendary=No,0.07813798836242726,0.8869492934330839,0.0773067331670823,0.9893617021276596,1.1154659115834813,0.008002299598744905,10.62676641729015,0.11228753987414812
"dual_type=No, tier=Average",legendary=No,0.14962593516209477,0.8869492934330839,0.1479634247714048,0.9888888888888888,1.1149328334895345,0.015252807300120436,10.17456359102238,0.12122310455039703
"dual_type=No, tier=Weak",legendary=No,0.11471321695760599,0.8869492934330839,0.11305070656691604,0.9855072463768115,1.111120166252394,0.01130589983893135,7.800498753117174,0.11296603148301573
tier=Average,gen=Early(1-3),0.3117206982543641,0.4014962593516209,0.13881961762261014,0.4453333333333333,1.109184265010352,0.013664923311007604,1.0790331862651066,0.14301831120367964
gen=Early(1-3),tier=Average,0.4014962593516209,0.3117206982543641,0.13881961762261014,0.34575569358178054,1.1091842650103518,0.013664923311007604,1.0520218441238673,0.16447105788423158
"gen=Mid(4-6), tier=Average",legendary=No,0.09476309226932668,0.8869492934330839,0.09310058187863675,0.9824561403508774,1.107680165737681,0.009050524146823308,6.443890274314278,0.1073888232979143
"dual_type=Yes, legendary=No, tier=Average",gen=Early(1-3),0.16126350789692437,0.4014962593516209,0.0714879467996675,0.4432989690721649,1.1041173080617275,0.0067412516091317765,1.0750900526461624,0.11242999055016467
"dual_type=Yes, gen=Early(1-3)","legendary=No, tier=Average",0.20947630922693267,0.3092269326683292,0.0714879467996675,0.3412698412698413,1.1036226318484383,0.00671223023074069,1.0486434516119338,0.1187733841977845
"dual_type=Yes, tier=Average",gen=Early(1-3),0.16209476309226933,0.4014962593516209,0.0714879467996675,0.441025641025641,1.0984551680203856,0.0064075057576341715,1.0707177011599442,0.10696982281284598
"dual_type=Yes, gen=Early(1-3)",tier=Average,0.20947630922693267,0.3117206982543641,0.0714879467996675,0.3412698412698413,1.0947936507936509,0.006189845419700954,1.044857735180122,0.10952974836769128
type1=Bug,legendary=No,0.0739817123857024,0.8869492934330839,0.0714879467996675,0.9662921348314607,1.0894558933479355,0.005869919272199112,3.3538376281518465,0.08867061918082757
gen=Early(1-3),"dual_type=No, legendary=No",0.4014962593516209,0.40980881130507063,0.17871986699916875,0.4451345755693582,1.0862005971804016,0.014183162210848643,1.0636654632076525,0.13259689922480652
"dual_type=No, legendary=No",gen=Early(1-3),0.40980881130507063,0.4014962593516209,0.17871986699916875,0.436105476673428,1.0862005971804016,0.014183162210848643,1.0613753386318379,0.1344644611857193
"gen=Early(1-3), tier=Average",dual_type=No,0.13881961762261014,0.4472152950955943,0.06733167082294264,0.48502994011976047,1.0845557954722527,0.0052494145627894825,1.0734307641748342,0.09053100719767393
"gen=Early(1-3), legendary=No, tier=Average",dual_type=No,0.13881961762261014,0.4472152950955943,0.06733167082294264,0.48502994011976047,1.0845557954722527,0.0052494145627894825,1.0734307641748342,0.09053100719767393
"dual_type=Yes, legendary=No",tier=Average,0.4771404821280133,0.3117206982543641,0.16126350789692437,0.3379790940766551,1.0842369337979096,0.012528943642556134,1.039663997899987,0.1485912838247588
tier=Average,"dual_type=Yes, legendary=No",0.3117206982543641,0.4771404821280133,0.16126350789692437,0.5173333333333333,1.0842369337979094,0.012528943642556134,1.0832724817789778,0.1128791274465861
"gen=Early(1-3), type1=Water",legendary=No,0.06400665004156277,0.8869492934330839,0.06151288445552785,0.961038961038961,1.0835331491376476,0.004742231426145084,2.901634801884178,0.0823652249051894
"gen=Early(1-3), tier=Average","dual_type=Yes, legendary=No",0.13881961762261014,0.4771404821280133,0.0714879467996675,0.5149700598802395,1.079283940829143,0.005251487518388845,1.0779943146249602,0.0853012480919458
"dual_type=Yes, type1=Bug",legendary=No,0.05486284289276808,0.8869492934330839,0.05236907730673317,0.9545454545454546,1.076211979211042,0.0037085175672622317,2.4871155444721555,0.07492566067763967
type1=Normal,legendary=No,0.10723192019950124,0.8869492934330839,0.10224438902743142,0.9534883720930233,1.075020160850897,0.007135113173010951,2.430590191188697,0.07816687105418543
tier=Average,dual_type=No,0.3117206982543641,0.4472152950955943,0.14962593516209477,0.48,1.0733085501858737,0.010219671104864603,1.0630475094315492,0.09923510466988726
dual_type=No,tier=Average,0.4472152950955943,0.3117206982543641,0.14962593516209477,0.3345724907063197,1.0733085501858737,0.010219671104864603,1.034341520500425,0.12355889724310773
"gen=Recent(7-9), legendary=No",tier=Average,0.2310889443059019,0.3117206982543641,0.0773067331670823,0.33453237410071945,1.073179856115108,0.0052715260891827015,1.0342791669474962,0.08868352223190941
"dual_type=No, type1=Normal",legendary=No,0.06650041562759768,0.8869492934330839,0.06317539484621779,0.95,1.071087160262418,0.004192898192313617,2.261014131338319,0.07109715517645401
dual_type=No,"gen=Early(1-3), legendary=No",0.4472152950955943,0.37323358270989193,0.17871986699916875,0.39962825278810415,1.0707189044634506,0.011804100167978532,1.0439638777154123,0.11948242699772715
"gen=Early(1-3), legendary=No",dual_type=No,0.37323358270989193,0.4472152950955943,0.17871986699916875,0.4788418708240535,1.0707189044634506,0.011804100167978532,1.0606851816328127,0.10537906359879119
"legendary=No, tier=Average",dual_type=No,0.3092269326683292,0.4472152950955943,0.1479634247714048,0.47849462365591394,1.0699424391413839,0.009672410826632505,1.059978918682675,0.09463351316269827
dual_type=No,"legendary=No, tier=Average",0.4472152950955943,0.3092269326683292,0.1479634247714048,0.3308550185873606,1.0699424391413839,0.009672410826632505,1.0323219728456636,0.11825631494466504
dual_type=No,gen=Early(1-3),0.4472152950955943,0.4014962593516209,0.19201995012468828,0.429368029739777,1.0694197510909975,0.012464682018975853,1.048843688823544,0.11742993848257022
gen=Early(1-3),dual_type=No,0.4014962593516209,0.4472152950955943,0.19201995012468828,0.4782608695652174,1.0694197510909973,0.012464682018975853,1.0595040177334443,0.1084595959595961
type1=Grass,legendary=No,0.09476309226932668,0.8869492934330839,0.08977556109725686,0.9473684210526316,1.068120159818478,0.005725503365443418,2.1479634247714077,0.07045199469441897
gen=Recent(7-9),dual_type=Yes,0.2776392352452203,0.5527847049044057,0.16375727348295926,0.5898203592814372,1.0669983341587501,0.010282550758045295,1.090291303371741,0.08692528315994212
"legendary=No, tier=Weak",gen=Early(1-3),0.21030756442227763,0.4014962593516209,0.08977556109725686,0.42687747035573126,1.0632165566002996,0.005337860668362351,1.0442858371313097,0.0752923976608188
type1=Grass,dual_type=Yes,0.09476309226932668,0.5527847049044057,0.05569409808811305,0.5877192982456141,1.0631974673525921,0.0033105100921843322,1.084734971082931,0.06566341844496519
"gen=Mid(4-6), legendary=No",tier=Average,0.2826267664172901,0.3117206982543641,0.09310058187863675,0.32941176470588235,1.0567529411764705,0.004999968905666008,1.0263814148838428,0.07486343320642275
"dual_type=No, type1=Water",legendary=No,0.0656691604322527,0.8869492934330839,0.06151288445552785,0.9367088607594938,1.0561019301721377,0.00326766900979749,1.786201163757277,0.05685534288737154
tier=Weak,gen=Early(1-3),0.2119700748129676,0.4014962593516209,0.08977556109725686,0.4235294117647059,1.0548776032151992,0.004670368965367128,1.038220774594127,0.0660161744022503
"legendary=No, tier=Strong",gen=Mid(4-6),0.20199501246882792,0.32086450540315875,0.06816292601828762,0.3374485596707819,1.0516855370050535,0.003349896248572265,1.025030591223804,0.06158536585365877
type1=Water,legendary=No,0.12219451371571072,0.8869492934330839,0.11388196176226101,0.9319727891156463,1.0507621980376032,0.005501624160712107,1.661845386533667,0.055034837425348426
"dual_type=No, gen=Early(1-3)",legendary=No,0.19201995012468828,0.8869492934330839,0.17871986699916875,0.9307359307359307,1.0493676894801545,0.008407907911020474,1.6321695760598511,0.05822566752799325
legendary=No,gen=Early(1-3),0.8869492934330839,0.4014962593516209,0.37323358270989193,0.4208059981255858,1.048094442536397,0.01712675916194556,1.0333389826404864,0.4059020044543441
gen=Early(1-3),legendary=No,0.4014962593516209,0.8869492934330839,0.37323358270989193,0.9296066252587992,1.048094442536397,0.01712675916194556,1.6059850374064855,0.07667037861915389
"dual_type=Yes, gen=Early(1-3)",legendary=No,0.20947630922693267,0.8869492934330839,0.19451371571072318,0.9285714285714285,1.046927299504619,0.008718851250925058,1.5827098919368232,0.05670144786864032
"dual_type=Yes, type1=Water",legendary=No,0.05652535328345802,0.8869492934330839,0.05236907730673317,0.9264705882352942,1.044558685704835,0.002233955150914624,1.5374896093100594,0.04521362142507519
"dual_type=Yes, type1=Grass",legendary=No,0.05569409808811305,0.8869492934330839,0.051537822111388194,0.9253731343283582,1.0433213501377834,0.0021399811637434554,1.5148794679966755,0.043971490231712894
"dual_type=No, gen=Mid(4-6)",legendary=No,0.14131338320864506,0.8869492934330839,0.13050706566916043,0.9235294117647058,1.0412426263851369,0.005169260279614063,1.4783553935673628,0.04612747485833722
"legendary=No, type1=Grass",dual_type=Yes,0.08977556109725686,0.5527847049044057,0.051537822111388194,0.5740740740740741,1.0385129490392648,0.001911265062613618,1.0499837363113953,0.04074237737516558
type1=Fire,legendary=No,0.06317539484621779,0.8869492934330839,0.058187863674147966,0.9210526315789475,1.0384501553790757,0.0021544918529390056,1.4319756165142719,0.03952338699454944
legendary=No,dual_type=No,0.8869492934330839,0.4472152950955943,0.40980881130507063,0.4620431115276476,1.033155879493978,0.01315152130756514,1.0275632058066215,0.28387125641331634
dual_type=No,legendary=No,0.4472152950955943,0.8869492934330839,0.40980881130507063,0.9163568773234201,1.033155879493978,0.01315152130756514,1.3515840029555746,0.05805487349204666
"gen=Mid(4-6), legendary=No",dual_type=No,0.2826267664172901,0.4472152950955943,0.13050706566916043,0.4617647058823529,1.0325333479116554,0.004112052923938431,1.0270316921721196,0.04392173649910336
type1=Rock,legendary=No,0.05569409808811305,0.8869492934330839,0.05070656691604322,0.9104477611940298,1.0264935864258837,0.001308725968398483,1.2623995566638957,0.02733202493650428
"gen=Recent(7-9), legendary=No",dual_type=Yes,0.2310889443059019,0.5527847049044057,0.13050706566916043,0.564748201438849,1.0216422350841132,0.0027646317843517954,1.027486380467564,0.02755035290067122
gen=Early(1-3),"dual_type=Yes, legendary=No",0.4014962593516209,0.4771404821280133,0.19451371571072318,0.48447204968944096,1.0153656372411106,0.002943596951096916,1.014221474426384,0.025284900284900387
"dual_type=Yes, legendary=No",gen=Early(1-3),0.4771404821280133,0.4014962593516209,0.19451371571072318,0.4076655052264808,1.0153656372411106,0.002943596951096916,1.010415138624028,0.028942970119440827
dual_type=Yes,gen=Mid(4-6),0.5527847049044057,0.32086450540315875,0.17955112219451372,0.32481203007518794,1.0123027776695626,0.002182131260930531,1.0058465565855221,0.02717540961035396
gen=Mid(4-6),dual_type=Yes,0.32086450540315875,0.5527847049044057,0.17955112219451372,0.5595854922279793,1.0123027776695623,0.002182131260930531,1.0154417876876436,0.017895190171812028
"dual_type=No, gen=Recent(7-9)",legendary=No,0.11388196176226101,0.8869492934330839,0.10058187863674148,0.8832116788321168,0.9957859884114681,-0.000425646883069411,0.9679966749792192,-0.004753013070785939
"dual_type=Yes, legendary=No",gen=Mid(4-6),0.4771404821280133,0.32086450540315875,0.15211970074812967,0.31881533101045295,0.993613583434132,-0.0009777440577000418,0.9969917491012452,-0.012143629529187792
gen=Mid(4-6),"dual_type=Yes, legendary=No",0.32086450540315875,0.4771404821280133,0.15211970074812967,0.4740932642487047,0.993613583434132,-0.0009777440577000418,0.9942057827516595,-0.009375455521248955
gen=Mid(4-6),legendary=No,0.32086450540315875,0.8869492934330839,0.2826267664172901,0.8808290155440416,0.993099630458746,-0.0019637799377974496,0.948642885539775,-0.010127502476640854
legendary=No,gen=Mid(4-6),0.8869492934330839,0.32086450540315875,0.2826267664172901,0.3186504217432053,0.993099630458746,-0.0019637799377974496,0.9967504439268635,-0.05790310093313051
"dual_type=No, legendary=No",gen=Mid(4-6),0.40980881130507063,0.32086450540315875,0.13050706566916043,0.3184584178498986,0.992501234905254,-0.0009860358800974633,0.9964696393935797,-0.01263983985402597
gen=Mid(4-6),"dual_type=No, legendary=No",0.32086450540315875,0.40980881130507063,0.13050706566916043,0.4067357512953368,0.9925012349052539,-0.0009860358800974633,0.994820082254335,-0.011002652356279067
type1=Electric,legendary=No,0.059850374064837904,0.8869492934330839,0.05236907730673317,0.875,0.9865276476101219,-0.000715169681780585,0.9044056525353286,-0.01431772908366532
gen=Recent(7-9),"dual_type=Yes, legendary=No",0.2776392352452203,0.4771404821280133,0.13050706566916043,0.47005988023952094,0.9851603413382294,-0.0019658528933968744,0.9866388642330144,-0.020426772354571413
gen=Mid(4-6),dual_type=No,0.32086450540315875,0.4472152950955943,0.14131338320864506,0.4404145077720208,0.9847930350366934,-0.0021821312609305032,0.987846741171762,-0.022231921603964668
dual_type=No,gen=Mid(4-6),0.4472152950955943,0.32086450540315875,0.14131338320864506,0.3159851301115242,0.9847930350366934,-0.0021821312609305032,0.9928665654703821,-0.02717540961035362
"gen=Mid(4-6), tier=Strong",legendary=No,0.07813798836242726,0.8869492934330839,0.06816292601828762,0.872340425531915,0.9835290833316718,-0.0011415075500497696,0.8855638681075102,-0.01784209957878796
tier=Strong,gen=Mid(4-6),0.24771404821280132,0.32086450540315875,0.07813798836242726,0.31543624161073824,0.983082379942275,-0.0013446571987874578,0.9920704774012682,-0.022363703226992715
"dual_type=Yes, tier=Average",gen=Mid(4-6),0.16209476309226933,0.32086450540315875,0.05070656691604322,0.31282051282051276,0.9749302510960541,-0.001303889071999971,0.9882941898983885,-0.02977514792899418
"gen=Mid(4-6), legendary=No",dual_type=Yes,0.2826267664172901,0.5527847049044057,0.15211970074812967,0.538235294117647,0.9736797877045554,-0.0041120529239384584,0.9684917218630704,-0.03631315596778162
"gen=Recent(7-9), legendary=No",dual_type=No,0.2310889443059019,0.4472152950955943,0.10058187863674148,0.4352517985611511,0.9732489101655479,-0.0027646317843518092,0.9788162290663998,-0.03451339647706294
legendary=No,dual_type=Yes,0.8869492934330839,0.5527847049044057,0.4771404821280133,0.5379568884723525,0.973176145612391,-0.01315152130756514,0.9679081538884365,-0.19602047437099016
dual_type=Yes,legendary=No,0.5527847049044057,0.8869492934330839,0.4771404821280133,0.863157894736842,0.9731761456123907,-0.01315152130756514,0.8261397787582323,-0.05805487349204666
"gen=Early(1-3), tier=Strong",legendary=No,0.07065669160432253,0.8869492934330839,0.060681629260182876,0.8588235294117647,0.9682893213517835,-0.001987273434590306,0.8007758381823219,-0.03403953130547996
"gen=Mid(4-6), tier=Average",dual_type=Yes,0.09476309226932668,0.5527847049044057,0.05070656691604322,0.5350877192982456,0.96798575385833,-0.0016770210798854948,0.961934785677316,-0.03524747298710362
tier=Weak,"dual_type=Yes, legendary=No",0.2119700748129676,0.4771404821280133,0.09725685785536159,0.45882352941176463,0.9616109858577576,-0.0038826458376088197,0.9661534569373665,-0.048217273780409506
"dual_type=Yes, gen=Mid(4-6)",legendary=No,0.17955112219451372,0.8869492934330839,0.15211970074812967,0.8472222222222222,0.9552093095907529,-0.007133040217411596,0.7399682611652688,-0.0540629713423832
tier=Average,gen=Mid(4-6),0.3117206982543641,0.32086450540315875,0.09476309226932668,0.304,0.947440414507772,-0.005257015399987144,0.9757693887885651,-0.0745882352941176
dual_type=Yes,gen=Early(1-3),0.5527847049044057,0.4014962593516209,0.20947630922693267,0.3789473684210526,0.943837855508336,-0.012464682018975826,0.9636924637558646,-0.11742993848256997
gen=Early(1-3),dual_type=Yes,0.4014962593516209,0.5527847049044057,0.20947630922693267,0.5217391304347826,0.943837855508336,-0.012464682018975826,0.9350865261089699,-0.09043057163911983
"legendary=No, tier=Average",dual_type=Yes,0.3092269326683292,0.5527847049044057,0.16126350789692437,0.5215053763440861,0.9434149890856174,-0.009672410826632505,0.934629717840231,-0.07989178823368262
"gen=Early(1-3), legendary=No",dual_type=Yes,0.37323358270989193,0.5527847049044057,0.19451371571072318,0.5211581291759465,0.94278681112581,-0.011804100167978532,0.9339519418507992,-0.0882755698406877
dual_type=Yes,"gen=Early(1-3), legendary=No",0.5527847049044057,0.37323358270989193,0.19451371571072318,0.35187969924812024,0.9427868111258099,-0.011804100167978532,0.9670525928026028,-0.11948242699772715
tier=Average,dual_type=Yes,0.3117206982543641,0.5527847049044057,0.16209476309226933,0.52,0.9406917293233082,-0.010219671104864603,0.9316985314491548,-0.08391489361702124
gen=Recent(7-9),legendary=No,0.2776392352452203,0.8869492934330839,0.2310889443059019,0.8323353293413174,0.9384249308318696,-0.015162979224147999,0.6742667141669637,-0.08327072091558328
"legendary=No, tier=Average",gen=Mid(4-6),0.3092269326683292,0.32086450540315875,0.09310058187863675,0.3010752688172043,0.9383252548888519,-0.0061193649293225655,0.9716861691924037,-0.08688485990110648
"gen=Early(1-3), legendary=No, tier=Average",dual_type=Yes,0.13881961762261014,0.5527847049044057,0.0714879467996675,0.5149700598802395,0.9315924541893655,-0.0052494145627894895,0.9220364726044968,-0.07856825209684273
"gen=Early(1-3), tier=Average",dual_type=Yes,0.13881961762261014,0.5527847049044057,0.0714879467996675,0.5149700598802395,0.9315924541893655,-0.0052494145627894895,0.9220364726044968,-0.07856825209684273
"dual_type=Yes, tier=Strong",legendary=No,0.16874480465502908,0.8869492934330839,0.13881961762261014,0.8226600985221675,0.9275164934603257,-0.010848467636671688,0.6374803731412212,-0.08593322386425833
tier=Strong,legendary=No,0.24771404821280132,0.8869492934330839,0.20199501246882792,0.8154362416107382,0.9193718825283207,-0.017714787566965096,0.6125292828534725,-0.10440558415325467
gen=Recent(7-9),dual_type=No,0.2776392352452203,0.4472152950955943,0.11388196176226101,0.4101796407185629,0.9171860739487568,-0.010282550758045308,0.9372085859800585,-0.11110696313109437
"dual_type=No, tier=Strong",legendary=No,0.07896924355777224,0.8869492934330839,0.06317539484621779,0.7999999999999999,0.9019681349578257,-0.006866319930293421,0.5652535328345801,-0.10554994954591335
"dual_type=Yes, gen=Recent(7-9)",legendary=No,0.16375727348295926,0.8869492934330839,0.13050706566916043,0.7969543147208121,0.8985342461191537,-0.014737332341078574,0.5567747298420616,-0.11897138394600312
type1=Water,"dual_type=Yes, legendary=No",0.12219451371571072,0.4771404821280133,0.05236907730673317,0.4285714285714286,0.8982080637132903,-0.00593487188097918,0.9150041562759768,-0.1143416270617836
gen=Recent(7-9),"dual_type=No, legendary=No",0.2776392352452203,0.40980881130507063,0.10058187863674148,0.36227544910179643,0.8840108828995155,-0.01319712633075111,0.9254641174840676,-0.15371676002833035
"dual_type=Yes, gen=Recent(7-9), tier=Strong",legendary=No,0.0798004987531172,0.8869492934330839,0.059850374064837904,0.75,0.8455951265229616,-0.010928621919847094,0.4522028262676643,-0.16557788944723612
type1=Water,dual_type=Yes,0.12219451371571072,0.5527847049044057,0.05652535328345802,0.46258503401360546,0.8368267607794998,-0.011021904921818482,0.8321601060639541,-0.18175913581513012
"legendary=No, tier=Weak",dual_type=Yes,0.21030756442227763,0.5527847049044057,0.09725685785536159,0.4624505928853755,0.8365835537460251,-0.018997947082971436,0.8319519827881277,-0.19830645393958632
"gen=Recent(7-9), tier=Strong",legendary=No,0.09891936824605153,0.8869492934330839,0.07315045719035744,0.7394957983193278,0.8337520575240406,-0.014586006582325006,0.43396884133751656,-0.1811915777546973
"legendary=No, type1=Water",dual_type=Yes,0.11388196176226101,0.5527847049044057,0.05236907730673317,0.45985401459854014,0.8318862850557049,-0.010583129319953102,0.8279526409202219,-0.1857070106942795
tier=Weak,dual_type=Yes,0.2119700748129676,0.5527847049044057,0.09725685785536159,0.45882352941176463,0.8300221141088012,-0.019916957398689497,0.8263760887635981,-0.20626878488621744
"legendary=No, tier=Strong",gen=Early(1-3),0.20199501246882792,0.4014962593516209,0.060681629260182876,0.3004115226337449,0.7482299414666566,-0.020418612653735554,0.8555082881032714,-0.2965974104185484
tier=Strong,dual_type=No,0.24771404821280132,0.4472152950955943,0.07896924355777224,0.31879194630872487,0.7128377535490633,-0.031812267613039985,0.8114770544902113,-0.34874331510294354
"legendary=No, tier=Strong",dual_type=No,0.20199501246882792,0.4472152950955943,0.06317539484621779,0.31275720164609055,0.6993437055394924,-0.027159864262867345,0.8043513969567101,-0.35011490567046116
